SET FOREIGN_KEY_CHECKS = 0;

TRUNCATE TABLE `retention_round`;
TRUNCATE TABLE `retention_support`;
TRUNCATE TABLE `retention_insight`;
TRUNCATE TABLE `retention_contact`;


SET FOREIGN_KEY_CHECKS = 1;



-- --------------------------------------------------------
-- --------------------------------------------------------
-- --------------------------------------------------------




INSERT IGNORE INTO `retention_round` (`round_id`, `round_no`, `year`, `month`) VALUES
	(1, 202502, 2025, 2),
	(2, 202503, 2025, 3),
	(3, 202504, 2025, 4),
	(4, 202505, 2025, 5);


INSERT IGNORE INTO `retention_support` (`retention_id`, `emp_id`, `round_id`, `job_level`, `comp_level`, `relation_level`, `growth_level`, `tenure_level`, `wlb_level`, `retention_score`, `created_at`) VALUES
	(1, 1, 1, 100, 100, 100, 100, 80, 100, 94.50, '2025-07-20 13:55:07'),
	(2, 2, 1, 100, 100, 100, 100, 80, 100, 94.50, '2025-07-20 13:55:07'),
	(3, 3, 1, 95, 100, 100, 100, 80, 100, 93.40, '2025-07-20 13:55:07'),
	(4, 11, 1, 95, 100, 100, 100, 53, 100, 91.50, '2025-07-20 13:55:07'),
	(5, 12, 1, 100, 100, 100, 100, 73, 100, 94.00, '2025-07-20 13:55:08'),
	(6, 13, 1, 95, 100, 100, 100, 73, 100, 90.90, '2025-07-20 13:55:08'),
	(7, 21, 1, 80, 70, 80, 87, 47, 67, 74.50, '2025-07-20 13:55:08'),
	(8, 22, 1, 80, 90, 80, 73, 47, 67, 72.00, '2025-07-20 13:55:08'),
	(9, 23, 1, 80, 90, 80, 73, 67, 67, 67.50, '2025-07-20 13:55:08'),
	(10, 31, 1, 100, 80, 100, 93, 53, 100, 84.60, '2025-07-20 13:55:08'),
	(11, 32, 1, 95, 100, 100, 60, 53, 100, 82.40, '2025-07-20 13:55:08'),
	(12, 33, 1, 55, 20, 60, 80, 53, 87, 50.50, '2025-07-20 13:55:08'),
	(13, 34, 1, 55, 20, 60, 67, 40, 33, 51.50, '2025-07-20 13:55:08'),
	(14, 35, 1, 100, 100, 100, 100, 53, 100, 92.30, '2025-07-20 13:55:08'),
	(15, 36, 1, 100, 100, 100, 100, 53, 100, 92.30, '2025-07-20 13:55:09'),
	(16, 37, 1, 100, 100, 100, 100, 53, 100, 91.00, '2025-07-20 13:55:09'),
	(17, 38, 1, 80, 90, 80, 80, 47, 53, 71.00, '2025-07-20 13:55:09'),
	(18, 51, 1, 55, 20, 60, 80, 40, 60, 49.00, '2025-07-20 13:55:09'),
	(19, 52, 1, 50, 85, 60, 80, 60, 33, 48.00, '2025-07-20 13:55:09'),
	(20, 53, 1, 95, 100, 100, 100, 73, 100, 93.00, '2025-07-20 13:55:09'),
	(21, 54, 1, 95, 100, 100, 100, 73, 100, 90.90, '2025-07-20 13:55:09'),
	(22, 55, 1, 95, 100, 100, 100, 73, 100, 93.00, '2025-07-20 13:55:09'),
	(23, 56, 1, 95, 100, 100, 100, 73, 100, 90.90, '2025-07-20 13:55:10'),
	(24, 57, 1, 95, 100, 100, 100, 73, 100, 93.00, '2025-07-20 13:55:10'),
	(25, 58, 1, 95, 100, 100, 100, 73, 100, 90.90, '2025-07-20 13:55:10'),
	(26, 59, 1, 75, 90, 80, 80, 47, 67, 72.00, '2025-07-20 13:55:10'),
	(27, 60, 1, 80, 90, 80, 80, 67, 67, 68.80, '2025-07-20 13:55:10'),
	(28, 1, 2, 100, 100, 100, 100, 80, 100, 94.50, '2025-07-20 13:55:21'),
	(29, 2, 2, 100, 100, 100, 100, 80, 100, 94.50, '2025-07-20 13:55:22'),
	(30, 3, 2, 95, 100, 100, 100, 80, 100, 93.40, '2025-07-20 13:55:22'),
	(31, 11, 2, 95, 100, 100, 100, 53, 100, 91.50, '2025-07-20 13:55:22'),
	(32, 12, 2, 100, 100, 100, 100, 53, 100, 91.00, '2025-07-20 13:55:22'),
	(33, 13, 2, 95, 100, 100, 100, 73, 100, 90.90, '2025-07-20 13:55:22'),
	(34, 21, 2, 80, 70, 80, 87, 73, 67, 77.90, '2025-07-20 13:55:22'),
	(35, 22, 2, 80, 90, 80, 73, 47, 67, 72.00, '2025-07-20 13:55:22'),
	(36, 23, 2, 80, 90, 80, 73, 67, 67, 67.50, '2025-07-20 13:55:22'),
	(37, 31, 2, 100, 80, 100, 93, 53, 100, 84.60, '2025-07-20 13:55:22'),
	(38, 32, 2, 95, 100, 100, 60, 53, 100, 82.40, '2025-07-20 13:55:22'),
	(39, 33, 2, 55, 20, 60, 80, 53, 87, 50.50, '2025-07-20 13:55:22'),
	(40, 34, 2, 55, 20, 60, 67, 40, 33, 51.50, '2025-07-20 13:55:22'),
	(41, 35, 2, 100, 100, 100, 100, 53, 100, 92.30, '2025-07-20 13:55:23'),
	(42, 36, 2, 100, 100, 100, 100, 53, 100, 92.30, '2025-07-20 13:55:23'),
	(43, 37, 2, 100, 100, 100, 100, 53, 100, 91.00, '2025-07-20 13:55:23'),
	(44, 38, 2, 80, 90, 80, 80, 47, 53, 71.00, '2025-07-20 13:55:23'),
	(45, 51, 2, 55, 20, 60, 80, 40, 60, 49.00, '2025-07-20 13:55:23'),
	(46, 52, 2, 50, 85, 60, 80, 60, 33, 48.00, '2025-07-20 13:55:23'),
	(47, 53, 2, 95, 100, 100, 100, 73, 100, 93.00, '2025-07-20 13:55:23'),
	(48, 54, 2, 95, 100, 100, 100, 73, 100, 90.90, '2025-07-20 13:55:24'),
	(49, 55, 2, 95, 100, 100, 100, 53, 100, 90.00, '2025-07-20 13:55:24'),
	(50, 56, 2, 95, 100, 100, 100, 73, 100, 90.90, '2025-07-20 13:55:24'),
	(51, 57, 2, 95, 100, 100, 100, 53, 100, 90.00, '2025-07-20 13:55:24'),
	(52, 58, 2, 95, 100, 100, 100, 73, 100, 90.90, '2025-07-20 13:55:24'),
	(53, 59, 2, 75, 90, 80, 80, 47, 67, 72.00, '2025-07-20 13:55:24'),
	(54, 60, 2, 80, 90, 80, 80, 67, 67, 68.80, '2025-07-20 13:55:25'),
	(55, 1, 3, 100, 100, 100, 100, 80, 100, 94.50, '2025-07-20 13:55:31'),
	(56, 2, 3, 100, 100, 100, 100, 80, 100, 94.50, '2025-07-20 13:55:31'),
	(57, 3, 3, 95, 100, 100, 100, 80, 100, 93.40, '2025-07-20 13:55:31'),
	(58, 11, 3, 95, 100, 100, 100, 53, 100, 91.50, '2025-07-20 13:55:31'),
	(59, 12, 3, 100, 100, 100, 100, 53, 100, 91.00, '2025-07-20 13:55:31'),
	(60, 13, 3, 95, 100, 100, 100, 73, 100, 90.90, '2025-07-20 13:55:31'),
	(61, 21, 3, 80, 70, 80, 87, 73, 80, 79.60, '2025-07-20 13:55:31'),
	(62, 22, 3, 80, 90, 80, 73, 47, 80, 74.00, '2025-07-20 13:55:31'),
	(63, 23, 3, 80, 90, 80, 73, 67, 80, 70.10, '2025-07-20 13:55:31'),
	(64, 31, 3, 100, 80, 100, 93, 80, 100, 89.00, '2025-07-20 13:55:32'),
	(65, 32, 3, 95, 100, 100, 60, 80, 100, 86.80, '2025-07-20 13:55:32'),
	(66, 33, 3, 55, 20, 60, 80, 53, 87, 50.50, '2025-07-20 13:55:32'),
	(67, 34, 3, 55, 20, 60, 67, 40, 47, 53.20, '2025-07-20 13:55:32'),
	(68, 35, 3, 100, 100, 100, 100, 53, 100, 92.30, '2025-07-20 13:55:32'),
	(69, 36, 3, 100, 100, 100, 100, 53, 100, 92.30, '2025-07-20 13:55:32'),
	(70, 37, 3, 100, 100, 100, 100, 53, 100, 91.00, '2025-07-20 13:55:32'),
	(71, 38, 3, 80, 90, 80, 80, 73, 67, 77.00, '2025-07-20 13:55:32'),
	(72, 51, 3, 55, 20, 60, 80, 40, 73, 51.00, '2025-07-20 13:55:33'),
	(73, 52, 3, 50, 85, 60, 80, 60, 47, 50.60, '2025-07-20 13:55:33'),
	(74, 53, 3, 95, 100, 100, 100, 73, 100, 93.00, '2025-07-20 13:55:33'),
	(75, 54, 3, 95, 100, 100, 100, 73, 100, 90.90, '2025-07-20 13:55:33'),
	(76, 55, 3, 95, 100, 100, 100, 53, 100, 90.00, '2025-07-20 13:55:33'),
	(77, 56, 3, 95, 100, 100, 100, 73, 100, 90.90, '2025-07-20 13:55:33'),
	(78, 57, 3, 95, 100, 100, 100, 53, 100, 90.00, '2025-07-20 13:55:34'),
	(79, 58, 3, 95, 100, 100, 100, 73, 100, 90.90, '2025-07-20 13:55:34'),
	(80, 59, 3, 75, 90, 80, 80, 47, 80, 74.00, '2025-07-20 13:55:34'),
	(81, 60, 3, 80, 90, 80, 80, 67, 80, 71.40, '2025-07-20 13:55:34'),
	(82, 1, 4, 100, 100, 100, 100, 80, 100, 94.50, '2025-07-20 13:55:40'),
	(83, 2, 4, 100, 100, 100, 100, 80, 100, 94.50, '2025-07-20 13:55:41'),
	(84, 3, 4, 95, 100, 100, 100, 80, 100, 93.40, '2025-07-20 13:55:41'),
	(85, 11, 4, 95, 100, 100, 100, 53, 100, 91.50, '2025-07-20 13:55:41'),
	(86, 12, 4, 100, 100, 100, 100, 53, 100, 91.00, '2025-07-20 13:55:41'),
	(87, 13, 4, 95, 100, 100, 100, 73, 100, 90.90, '2025-07-20 13:55:41'),
	(88, 21, 4, 80, 70, 80, 87, 73, 67, 77.90, '2025-07-20 13:55:41'),
	(89, 22, 4, 80, 90, 80, 73, 47, 67, 72.00, '2025-07-20 13:55:42'),
	(90, 23, 4, 80, 90, 80, 73, 67, 67, 67.50, '2025-07-20 13:55:42'),
	(91, 31, 4, 100, 80, 100, 93, 80, 100, 89.00, '2025-07-20 13:55:42'),
	(92, 32, 4, 95, 100, 100, 60, 80, 100, 86.80, '2025-07-20 13:55:42'),
	(93, 33, 4, 55, 20, 60, 80, 80, 87, 54.90, '2025-07-20 13:55:42'),
	(94, 34, 4, 55, 20, 60, 67, 67, 33, 54.90, '2025-07-20 13:55:42'),
	(95, 35, 4, 100, 100, 100, 100, 53, 100, 92.30, '2025-07-20 13:55:43'),
	(96, 36, 4, 100, 100, 100, 100, 53, 100, 92.30, '2025-07-20 13:55:43'),
	(97, 37, 4, 100, 100, 100, 100, 53, 100, 91.00, '2025-07-20 13:55:43'),
	(98, 38, 4, 80, 90, 80, 80, 73, 53, 75.00, '2025-07-20 13:55:43'),
	(99, 51, 4, 55, 20, 60, 80, 40, 60, 49.00, '2025-07-20 13:55:43'),
	(100, 52, 4, 50, 85, 60, 80, 60, 33, 48.00, '2025-07-20 13:55:44'),
	(101, 53, 4, 95, 100, 100, 100, 53, 100, 90.00, '2025-07-20 13:55:44'),
	(102, 54, 4, 95, 100, 100, 100, 73, 100, 90.90, '2025-07-20 13:55:44'),
	(103, 55, 4, 95, 100, 100, 100, 53, 100, 90.00, '2025-07-20 13:55:44'),
	(104, 56, 4, 95, 100, 100, 100, 73, 100, 90.90, '2025-07-20 13:55:44'),
	(105, 57, 4, 95, 100, 100, 100, 53, 100, 90.00, '2025-07-20 13:55:44'),
	(106, 58, 4, 95, 100, 100, 100, 73, 100, 90.90, '2025-07-20 13:55:45'),
	(107, 59, 4, 75, 90, 80, 80, 47, 67, 72.00, '2025-07-20 13:55:45'),
	(108, 60, 4, 80, 90, 80, 80, 67, 67, 68.80, '2025-07-20 13:55:45');



-- 테이블 데이터 momentum.retention_insight:~104 rows (대략적) 내보내기
INSERT IGNORE INTO `retention_insight` (`insight_id`, `dept_id`, `position_id`, `round_id`, `retention_score`, `emp_count`, `progress_20`, `progress_40`, `progress_60`, `progress_80`, `progress_100`, `created_at`) VALUES
	(1, 11, 4, 1, 74, 1, 0, 1, 0, 0, 0, '2025-07-20 13:55:11'),
	(2, 10, 5, 1, 94, 1, 0, 0, 0, 0, 1, '2025-07-20 13:55:11'),
	(3, 10, 4, 1, 91, 1, 0, 0, 0, 1, 0, '2025-07-20 13:55:11'),
	(4, 1, 1, 1, 94, 1, 0, 0, 0, 0, 1, '2025-07-20 13:55:11'),
	(5, 1, 2, 1, 93, 2, 0, 0, 0, 0, 2, '2025-07-20 13:55:11'),
	(6, 2, 3, 1, 84, 1, 0, 0, 1, 0, 0, '2025-07-20 13:55:11'),
	(7, 16, 6, 1, 68, 1, 0, 1, 0, 0, 0, '2025-07-20 13:55:11'),
	(8, 3, 3, 1, 82, 1, 0, 0, 1, 0, 0, '2025-07-20 13:55:11'),
	(9, 16, 5, 1, 72, 1, 0, 1, 0, 0, 0, '2025-07-20 13:55:11'),
	(10, 15, 6, 1, 48, 1, 1, 0, 0, 0, 0, '2025-07-20 13:55:11'),
	(11, 4, 3, 1, 50, 1, 1, 0, 0, 0, 0, '2025-07-20 13:55:11'),
	(12, 14, 6, 1, 90, 1, 0, 0, 1, 0, 0, '2025-07-20 13:55:11'),
	(13, 15, 5, 1, 49, 1, 1, 0, 0, 0, 0, '2025-07-20 13:55:11'),
	(14, 16, 4, 1, 71, 1, 0, 1, 0, 0, 0, '2025-07-20 13:55:11'),
	(15, 14, 5, 1, 93, 1, 0, 0, 0, 0, 1, '2025-07-20 13:55:11'),
	(16, 13, 6, 1, 90, 1, 0, 0, 1, 0, 0, '2025-07-20 13:55:11'),
	(17, 15, 4, 1, 51, 1, 1, 0, 0, 0, 0, '2025-07-20 13:55:11'),
	(18, 13, 5, 1, 93, 1, 0, 0, 0, 0, 1, '2025-07-20 13:55:11'),
	(19, 12, 6, 1, 90, 1, 0, 0, 1, 0, 0, '2025-07-20 13:55:11'),
	(20, 14, 4, 1, 91, 1, 0, 0, 0, 1, 0, '2025-07-20 13:55:11'),
	(21, 12, 5, 1, 93, 1, 0, 0, 0, 0, 1, '2025-07-20 13:55:11'),
	(22, 13, 4, 1, 92, 1, 0, 0, 0, 1, 0, '2025-07-20 13:55:11'),
	(23, 11, 6, 1, 67, 1, 1, 0, 0, 0, 0, '2025-07-20 13:55:11'),
	(24, 12, 4, 1, 92, 1, 0, 0, 0, 1, 0, '2025-07-20 13:55:11'),
	(25, 11, 5, 1, 72, 1, 0, 1, 0, 0, 0, '2025-07-20 13:55:11'),
	(26, 10, 6, 1, 90, 1, 0, 0, 1, 0, 0, '2025-07-20 13:55:11'),
	(27, 11, 4, 2, 77, 1, 0, 1, 0, 0, 0, '2025-07-20 13:55:25'),
	(28, 10, 5, 2, 91, 1, 0, 0, 0, 1, 0, '2025-07-20 13:55:25'),
	(29, 10, 4, 2, 91, 1, 0, 0, 0, 1, 0, '2025-07-20 13:55:25'),
	(30, 1, 1, 2, 94, 1, 0, 0, 0, 0, 1, '2025-07-20 13:55:25'),
	(31, 1, 2, 2, 93, 2, 0, 0, 0, 0, 2, '2025-07-20 13:55:25'),
	(32, 2, 3, 2, 84, 1, 0, 0, 1, 0, 0, '2025-07-20 13:55:25'),
	(33, 16, 6, 2, 68, 1, 0, 1, 0, 0, 0, '2025-07-20 13:55:25'),
	(34, 3, 3, 2, 82, 1, 0, 0, 1, 0, 0, '2025-07-20 13:55:25'),
	(35, 16, 5, 2, 72, 1, 0, 1, 0, 0, 0, '2025-07-20 13:55:25'),
	(36, 15, 6, 2, 48, 1, 1, 0, 0, 0, 0, '2025-07-20 13:55:25'),
	(37, 4, 3, 2, 50, 1, 1, 0, 0, 0, 0, '2025-07-20 13:55:25'),
	(38, 14, 6, 2, 90, 1, 0, 0, 0, 1, 0, '2025-07-20 13:55:25'),
	(39, 15, 5, 2, 49, 1, 1, 0, 0, 0, 0, '2025-07-20 13:55:25'),
	(40, 16, 4, 2, 71, 1, 0, 1, 0, 0, 0, '2025-07-20 13:55:25'),
	(41, 14, 5, 2, 90, 1, 0, 0, 0, 1, 0, '2025-07-20 13:55:25'),
	(42, 13, 6, 2, 90, 1, 0, 0, 0, 1, 0, '2025-07-20 13:55:25'),
	(43, 15, 4, 2, 51, 1, 1, 0, 0, 0, 0, '2025-07-20 13:55:25'),
	(44, 13, 5, 2, 90, 1, 0, 0, 0, 1, 0, '2025-07-20 13:55:25'),
	(45, 12, 6, 2, 90, 1, 0, 0, 0, 1, 0, '2025-07-20 13:55:25'),
	(46, 14, 4, 2, 91, 1, 0, 0, 0, 1, 0, '2025-07-20 13:55:25'),
	(47, 12, 5, 2, 93, 1, 0, 0, 0, 0, 1, '2025-07-20 13:55:25'),
	(48, 13, 4, 2, 92, 1, 0, 0, 0, 0, 1, '2025-07-20 13:55:25'),
	(49, 11, 6, 2, 67, 1, 1, 0, 0, 0, 0, '2025-07-20 13:55:25'),
	(50, 12, 4, 2, 92, 1, 0, 0, 0, 0, 1, '2025-07-20 13:55:25'),
	(51, 11, 5, 2, 72, 1, 0, 1, 0, 0, 0, '2025-07-20 13:55:25'),
	(52, 10, 6, 2, 90, 1, 0, 0, 0, 1, 0, '2025-07-20 13:55:25'),
	(53, 11, 4, 3, 79, 1, 0, 1, 0, 0, 0, '2025-07-20 13:55:34'),
	(54, 10, 5, 3, 91, 1, 0, 0, 0, 1, 0, '2025-07-20 13:55:34'),
	(55, 10, 4, 3, 91, 1, 0, 0, 0, 1, 0, '2025-07-20 13:55:34'),
	(56, 1, 1, 3, 94, 1, 0, 0, 0, 0, 1, '2025-07-20 13:55:34'),
	(57, 1, 2, 3, 93, 2, 0, 0, 0, 0, 2, '2025-07-20 13:55:34'),
	(58, 2, 3, 3, 89, 1, 0, 0, 1, 0, 0, '2025-07-20 13:55:34'),
	(59, 16, 6, 3, 71, 1, 0, 1, 0, 0, 0, '2025-07-20 13:55:34'),
	(60, 3, 3, 3, 86, 1, 0, 0, 1, 0, 0, '2025-07-20 13:55:34'),
	(61, 16, 5, 3, 74, 1, 0, 1, 0, 0, 0, '2025-07-20 13:55:34'),
	(62, 15, 6, 3, 50, 1, 1, 0, 0, 0, 0, '2025-07-20 13:55:34'),
	(63, 4, 3, 3, 50, 1, 1, 0, 0, 0, 0, '2025-07-20 13:55:34'),
	(64, 14, 6, 3, 90, 1, 0, 0, 0, 1, 0, '2025-07-20 13:55:34'),
	(65, 15, 5, 3, 51, 1, 1, 0, 0, 0, 0, '2025-07-20 13:55:34'),
	(66, 16, 4, 3, 77, 1, 0, 1, 0, 0, 0, '2025-07-20 13:55:34'),
	(67, 14, 5, 3, 90, 1, 0, 0, 0, 1, 0, '2025-07-20 13:55:34'),
	(68, 13, 6, 3, 90, 1, 0, 0, 0, 1, 0, '2025-07-20 13:55:34'),
	(69, 15, 4, 3, 53, 1, 1, 0, 0, 0, 0, '2025-07-20 13:55:34'),
	(70, 13, 5, 3, 90, 1, 0, 0, 0, 1, 0, '2025-07-20 13:55:34'),
	(71, 12, 6, 3, 90, 1, 0, 0, 0, 1, 0, '2025-07-20 13:55:34'),
	(72, 14, 4, 3, 91, 1, 0, 0, 0, 1, 0, '2025-07-20 13:55:34'),
	(73, 12, 5, 3, 93, 1, 0, 0, 0, 0, 1, '2025-07-20 13:55:34'),
	(74, 13, 4, 3, 92, 1, 0, 0, 0, 0, 1, '2025-07-20 13:55:34'),
	(75, 11, 6, 3, 70, 1, 1, 0, 0, 0, 0, '2025-07-20 13:55:34'),
	(76, 12, 4, 3, 92, 1, 0, 0, 0, 0, 1, '2025-07-20 13:55:34'),
	(77, 11, 5, 3, 74, 1, 0, 1, 0, 0, 0, '2025-07-20 13:55:34'),
	(78, 10, 6, 3, 90, 1, 0, 0, 0, 1, 0, '2025-07-20 13:55:34'),
	(79, 11, 4, 4, 77, 1, 0, 1, 0, 0, 0, '2025-07-20 13:55:45'),
	(80, 10, 5, 4, 91, 1, 0, 0, 0, 0, 1, '2025-07-20 13:55:45'),
	(81, 10, 4, 4, 91, 1, 0, 0, 0, 0, 1, '2025-07-20 13:55:45'),
	(82, 1, 1, 4, 94, 1, 0, 0, 0, 0, 1, '2025-07-20 13:55:45'),
	(83, 1, 2, 4, 93, 2, 0, 0, 0, 0, 2, '2025-07-20 13:55:45'),
	(84, 2, 3, 4, 89, 1, 0, 0, 1, 0, 0, '2025-07-20 13:55:45'),
	(85, 16, 6, 4, 68, 1, 0, 1, 0, 0, 0, '2025-07-20 13:55:45'),
	(86, 3, 3, 4, 86, 1, 0, 0, 1, 0, 0, '2025-07-20 13:55:45'),
	(87, 16, 5, 4, 72, 1, 0, 1, 0, 0, 0, '2025-07-20 13:55:45'),
	(88, 15, 6, 4, 48, 1, 1, 0, 0, 0, 0, '2025-07-20 13:55:45'),
	(89, 4, 3, 4, 54, 1, 1, 0, 0, 0, 0, '2025-07-20 13:55:45'),
	(90, 14, 6, 4, 90, 1, 0, 0, 0, 1, 0, '2025-07-20 13:55:45'),
	(91, 15, 5, 4, 49, 1, 1, 0, 0, 0, 0, '2025-07-20 13:55:45'),
	(92, 16, 4, 4, 75, 1, 0, 1, 0, 0, 0, '2025-07-20 13:55:45'),
	(93, 14, 5, 4, 90, 1, 0, 0, 0, 1, 0, '2025-07-20 13:55:45'),
	(94, 13, 6, 4, 90, 1, 0, 0, 0, 1, 0, '2025-07-20 13:55:45'),
	(95, 15, 4, 4, 54, 1, 1, 0, 0, 0, 0, '2025-07-20 13:55:45'),
	(96, 13, 5, 4, 90, 1, 0, 0, 0, 1, 0, '2025-07-20 13:55:45'),
	(97, 12, 6, 4, 90, 1, 0, 0, 0, 1, 0, '2025-07-20 13:55:45'),
	(98, 14, 4, 4, 91, 1, 0, 0, 0, 0, 1, '2025-07-20 13:55:45'),
	(99, 12, 5, 4, 90, 1, 0, 0, 0, 1, 0, '2025-07-20 13:55:45'),
	(100, 13, 4, 4, 92, 1, 0, 0, 0, 0, 1, '2025-07-20 13:55:45'),
	(101, 11, 6, 4, 67, 1, 1, 0, 0, 0, 0, '2025-07-20 13:55:45'),
	(102, 12, 4, 4, 92, 1, 0, 0, 0, 0, 1, '2025-07-20 13:55:45'),
	(103, 11, 5, 4, 72, 1, 0, 1, 0, 0, 0, '2025-07-20 13:55:45'),
	(104, 10, 6, 4, 90, 1, 0, 0, 0, 1, 0, '2025-07-20 13:55:45');

INSERT IGNORE INTO `retention_contact`
(`retention_id`, `target_id`, `manager_id`, `writer_id`, `reason`, `created_at`, `response`, `response_at`, `feedback`, `is_deleted`)
VALUES
(29, 33, 1, 11, '3월 Gallup Q12 항목 다수 부정 응답', '2025-03-07 09:20:00', '최근 사내 역할과 방향성에 대한 혼란 표현', '2025-03-07 09:50:00', '멘토 매칭 및 직무 재정의 지원 예정', 'N'), -- 피드백 완료
(30, 34, 33, 11, '3월 조직 적응도 조사에서 이탈 지표 확인', '2025-03-10 11:10:00', '조직 내 역할에 대한 의문 지속적으로 언급함', '2025-03-10 11:40:00', NULL, 'N'), -- 응답만 있음
(31, 38, 33, 11, '3월 잦은 연차 및 외부 활동 증가 정황', '2025-03-15 14:00:00', NULL, NULL, NULL, 'Y'), -- 취소됨
(32, 38, 33, 11, '비공식 면담 요청으로 공식 기록 필요', '2025-03-20 10:15:00', '향후 이직 의사 명확히 밝힘', '2025-03-20 10:45:00', '기밀유지 기반 퇴사 프로세스 안내 완료', 'N'), -- 피드백 완료
(33, 51, 34, 11, '3월 KPI 목표 달성률 급락 및 불만 호소', '2025-03-25 16:30:00', NULL, NULL, NULL, 'N'), -- 응답 없음
(34, 52, 34, 11, '3월 무단결근 2회 및 팀 리더와의 갈등 보고', '2025-03-28 17:20:00', '면담 시 개인 사정 강조하며 갈등 인정', '2025-03-28 17:50:00', '근태 유연화 요청 접수 및 상급자 조율 지시', 'N'); -- 피드백 완료

INSERT IGNORE INTO `retention_contact`
(`retention_id`, `target_id`, `manager_id`, `writer_id`, `reason`, `created_at`, `response`, `response_at`, `feedback`, `is_deleted`)
VALUES
    (10, 33, 1, 11, '이직 의향 설문 응답에서 이직 의사 명시', '2025-04-05 10:00:00', NULL, NULL, NULL, 'N'), -- 응답 없음
    (11, 33, 1, 11, '최근 평가 결과 및 KPI 미달로 이직 가능성 탐지', '2025-04-12 09:30:00', '면담 시 이직 고려 중이라고 언급함', '2025-04-12 11:00:00', '부서장과 진로 협의 요청', 'N'), -- 응답 + 피드백
    (12, 34, 33, 11, '상급자 피드백 및 출퇴근 패턴에서 이상 신호', '2025-04-08 14:20:00', NULL, NULL, NULL, 'Y'), -- 취소됨
    (13, 34, 33, 11, '부서 내 소통 미흡 및 장기근속 의사 부족 판단', '2025-04-18 13:10:00', '면담 결과, 조직 적응에 어려움 표현', '2025-04-18 13:45:00', NULL, 'N'), -- 응답만 있음
    (14, 38, 33, 11, '사내 커뮤니케이션 도구 사용량 급감', '2025-04-10 10:00:00', '면담 중 이직 준비 사실을 확인함', '2025-04-10 10:30:00', '즉시 전환 상담 연계 예정', 'N'), -- 피드백 완료
    (15, 51, 34, 11, '근속 지수 급락 및 결근 증가', '2025-04-20 08:50:00', NULL, NULL, NULL, 'Y'), -- 취소됨
    (16, 52, 34, 11, '최근 팀워크 참여율 저하 및 직무 불만 표현', '2025-04-23 17:00:00', '업무 적응 어려움과 이직 고민 토로함', '2025-04-23 17:30:00', NULL, 'N'); -- 응답만 있음

INSERT IGNORE INTO `retention_contact`
(`retention_id`, `target_id`, `manager_id`, `writer_id`, `reason`, `created_at`, `response`, `response_at`, `feedback`, `is_deleted`)
VALUES
    (17, 33, 1, 11, '5월 평가 결과 저조 및 직무 불만 표출', '2025-05-06 09:10:00', '면담 시 타 부서 이동 희망 의사 표명', '2025-05-06 10:00:00', '인사이동 검토 및 일정 협의 중', 'N'), -- 응답 + 피드백
    (18, 34, 33, 11, '5월 설문 응답에서 조직 만족도 매우 낮음', '2025-05-08 14:00:00', '면담 결과 외부 구직 활동 중임 확인', '2025-05-08 14:30:00', '이직 리스크 알림 및 사후 모니터링 요청', 'N'), -- 피드백 완료
    (19, 34, 33, 11, '복수의 경로를 통해 사직 의사 탐지', '2025-05-18 11:15:00', NULL, NULL, NULL, 'Y'), -- 취소됨
    (20, 38, 33, 11, '5월 출근률 저하 및 비협조적 태도 반복', '2025-05-10 10:30:00', '면담 시 업무 피로감 및 진로 고민 언급', '2025-05-10 11:00:00', NULL, 'N'), -- 응답만 있음
    (21, 51, 34, 11, '5월 다수 지각 및 KPI 진행률 30% 이하', '2025-05-20 13:45:00', NULL, NULL, NULL, 'N'), -- 응답 없음
    (22, 52, 34, 11, '비공식 채널에서 퇴사 의사 언급 정황', '2025-05-24 08:30:00', '면담 중 사내 경력 개발 불만 표시', '2025-05-24 09:00:00', '커리어 로드맵 상담 연계 진행 중', 'N'); -- 피드백 완료


INSERT IGNORE INTO `retention_contact` (`retention_id`, `target_id`, `manager_id`, `writer_id`, `reason`, `created_at`, `response`, `response_at`, `feedback`, `is_deleted`) VALUES
	(1, 2, 1, 2, '너무 양호해서 수상합니다.', '2025-07-20 13:56:34', NULL, NULL, NULL, 'N'),
	(2, 3, 1, 1, '너무 양호해서 수상합니다.', '2025-07-20 13:58:39', NULL, NULL, NULL, 'N');